{
    "loss": 28.155508041381836,
    "accuracy": 0.4313725531101227
}